--
-- PostgreSQL database dump
--

-- Dumped from database version 15.8
-- Dumped by pg_dump version 15.8

SET statement_timeout = 0;
SET lock_timeout = 0;
SET idle_in_transaction_session_timeout = 0;
SET client_encoding = 'UTF8';
SET standard_conforming_strings = on;
SELECT pg_catalog.set_config('search_path', '', false);
SET check_function_bodies = false;
SET xmloption = content;
SET client_min_messages = warning;
SET row_security = off;

--
-- Name: categories; Type: TYPE; Schema: public; Owner: postgres
--

CREATE TYPE public.categories AS ENUM (
    'Мужская обувь',
    'Женская обувь'
);


ALTER TYPE public.categories OWNER TO postgres;

--
-- Name: role_type; Type: TYPE; Schema: public; Owner: postgres
--

CREATE TYPE public.role_type AS ENUM (
    'Администратор',
    'Менеджер',
    'Авторизированный клиент'
);


ALTER TYPE public.role_type OWNER TO postgres;

--
-- Name: stat; Type: TYPE; Schema: public; Owner: postgres
--

CREATE TYPE public.stat AS ENUM (
    'Новый',
    'Завершен',
    'Готов'
);


ALTER TYPE public.stat OWNER TO postgres;

--
-- Name: yardtick_type; Type: TYPE; Schema: public; Owner: postgres
--

CREATE TYPE public.yardtick_type AS ENUM (
    'шт.',
    'кг.'
);


ALTER TYPE public.yardtick_type OWNER TO postgres;

SET default_tablespace = '';

SET default_table_access_method = heap;

--
-- Name: manufactures; Type: TABLE; Schema: public; Owner: postgres
--

CREATE TABLE public.manufactures (
    manufacture_id integer NOT NULL,
    name character varying(200) NOT NULL
);


ALTER TABLE public.manufactures OWNER TO postgres;

--
-- Name: manufactures_manufacture_id_seq; Type: SEQUENCE; Schema: public; Owner: postgres
--

CREATE SEQUENCE public.manufactures_manufacture_id_seq
    AS integer
    START WITH 1
    INCREMENT BY 1
    NO MINVALUE
    NO MAXVALUE
    CACHE 1;


ALTER TABLE public.manufactures_manufacture_id_seq OWNER TO postgres;

--
-- Name: manufactures_manufacture_id_seq; Type: SEQUENCE OWNED BY; Schema: public; Owner: postgres
--

ALTER SEQUENCE public.manufactures_manufacture_id_seq OWNED BY public.manufactures.manufacture_id;


--
-- Name: order_details; Type: TABLE; Schema: public; Owner: postgres
--

CREATE TABLE public.order_details (
    detail_id integer NOT NULL,
    qty integer NOT NULL,
    product_id character varying(6) NOT NULL,
    order_id integer NOT NULL,
    CONSTRAINT order_details_qty_check CHECK ((qty > 0))
);


ALTER TABLE public.order_details OWNER TO postgres;

--
-- Name: order_details_detail_id_seq; Type: SEQUENCE; Schema: public; Owner: postgres
--

CREATE SEQUENCE public.order_details_detail_id_seq
    AS integer
    START WITH 1
    INCREMENT BY 1
    NO MINVALUE
    NO MAXVALUE
    CACHE 1;


ALTER TABLE public.order_details_detail_id_seq OWNER TO postgres;

--
-- Name: order_details_detail_id_seq; Type: SEQUENCE OWNED BY; Schema: public; Owner: postgres
--

ALTER SEQUENCE public.order_details_detail_id_seq OWNED BY public.order_details.detail_id;


--
-- Name: orders; Type: TABLE; Schema: public; Owner: postgres
--

CREATE TABLE public.orders (
    order_id integer NOT NULL,
    real_sum numeric(15,2),
    order_date date DEFAULT CURRENT_DATE,
    supply_date date,
    code integer NOT NULL,
    status public.stat DEFAULT 'Новый'::public.stat,
    user_id integer NOT NULL,
    point_id integer NOT NULL,
    CONSTRAINT orders_check CHECK ((supply_date > order_date)),
    CONSTRAINT orders_real_sum_check CHECK ((real_sum > (0)::numeric))
);


ALTER TABLE public.orders OWNER TO postgres;

--
-- Name: orders_code_seq; Type: SEQUENCE; Schema: public; Owner: postgres
--

ALTER TABLE public.orders ALTER COLUMN code ADD GENERATED BY DEFAULT AS IDENTITY (
    SEQUENCE NAME public.orders_code_seq
    START WITH 910
    INCREMENT BY 1
    NO MINVALUE
    NO MAXVALUE
    CACHE 1
);


--
-- Name: orders_order_id_seq; Type: SEQUENCE; Schema: public; Owner: postgres
--

CREATE SEQUENCE public.orders_order_id_seq
    AS integer
    START WITH 1
    INCREMENT BY 1
    NO MINVALUE
    NO MAXVALUE
    CACHE 1;


ALTER TABLE public.orders_order_id_seq OWNER TO postgres;

--
-- Name: orders_order_id_seq; Type: SEQUENCE OWNED BY; Schema: public; Owner: postgres
--

ALTER SEQUENCE public.orders_order_id_seq OWNED BY public.orders.order_id;


--
-- Name: pick_points; Type: TABLE; Schema: public; Owner: postgres
--

CREATE TABLE public.pick_points (
    point_id integer NOT NULL,
    town character varying(50) NOT NULL,
    street character varying(50) NOT NULL,
    number integer,
    article integer NOT NULL,
    CONSTRAINT pick_points_number_check CHECK ((number > 0))
);


ALTER TABLE public.pick_points OWNER TO postgres;

--
-- Name: pick_points_point_id_seq; Type: SEQUENCE; Schema: public; Owner: postgres
--

CREATE SEQUENCE public.pick_points_point_id_seq
    AS integer
    START WITH 1
    INCREMENT BY 1
    NO MINVALUE
    NO MAXVALUE
    CACHE 1;


ALTER TABLE public.pick_points_point_id_seq OWNER TO postgres;

--
-- Name: pick_points_point_id_seq; Type: SEQUENCE OWNED BY; Schema: public; Owner: postgres
--

ALTER SEQUENCE public.pick_points_point_id_seq OWNED BY public.pick_points.point_id;


--
-- Name: products; Type: TABLE; Schema: public; Owner: postgres
--

CREATE TABLE public.products (
    product_id character varying(6) NOT NULL,
    name character varying(50) NOT NULL,
    yardstick public.yardtick_type DEFAULT 'шт.'::public.yardtick_type NOT NULL,
    cost numeric(15,2),
    category public.categories,
    sale numeric(5,2),
    qty integer DEFAULT 0 NOT NULL,
    description text,
    photo character varying(50),
    supplier_id integer NOT NULL,
    manufacture_id integer NOT NULL,
    CONSTRAINT products_cost_check CHECK ((cost > (0)::numeric)),
    CONSTRAINT products_qty_check CHECK ((qty >= 0)),
    CONSTRAINT products_sale_check CHECK (((sale >= (0)::numeric) AND (sale <= 99.99)))
);


ALTER TABLE public.products OWNER TO postgres;

--
-- Name: products_product_id_seq; Type: SEQUENCE; Schema: public; Owner: postgres
--

CREATE SEQUENCE public.products_product_id_seq
    AS integer
    START WITH 1
    INCREMENT BY 1
    NO MINVALUE
    NO MAXVALUE
    CACHE 1;


ALTER TABLE public.products_product_id_seq OWNER TO postgres;

--
-- Name: products_product_id_seq; Type: SEQUENCE OWNED BY; Schema: public; Owner: postgres
--

ALTER SEQUENCE public.products_product_id_seq OWNED BY public.products.product_id;


--
-- Name: suppliers; Type: TABLE; Schema: public; Owner: postgres
--

CREATE TABLE public.suppliers (
    supplier_id integer NOT NULL,
    name character varying(200) NOT NULL
);


ALTER TABLE public.suppliers OWNER TO postgres;

--
-- Name: suppliers_supplier_id_seq; Type: SEQUENCE; Schema: public; Owner: postgres
--

CREATE SEQUENCE public.suppliers_supplier_id_seq
    AS integer
    START WITH 1
    INCREMENT BY 1
    NO MINVALUE
    NO MAXVALUE
    CACHE 1;


ALTER TABLE public.suppliers_supplier_id_seq OWNER TO postgres;

--
-- Name: suppliers_supplier_id_seq; Type: SEQUENCE OWNED BY; Schema: public; Owner: postgres
--

ALTER SEQUENCE public.suppliers_supplier_id_seq OWNED BY public.suppliers.supplier_id;


--
-- Name: users; Type: TABLE; Schema: public; Owner: postgres
--

CREATE TABLE public.users (
    user_id integer NOT NULL,
    first_name character varying(50) NOT NULL,
    last_name character varying(50) NOT NULL,
    middle_name character varying(50),
    login character varying(50) NOT NULL,
    password character varying(25) NOT NULL,
    role public.role_type DEFAULT 'Авторизированный клиент'::public.role_type NOT NULL
);


ALTER TABLE public.users OWNER TO postgres;

--
-- Name: users_user_id_seq; Type: SEQUENCE; Schema: public; Owner: postgres
--

CREATE SEQUENCE public.users_user_id_seq
    AS integer
    START WITH 1
    INCREMENT BY 1
    NO MINVALUE
    NO MAXVALUE
    CACHE 1;


ALTER TABLE public.users_user_id_seq OWNER TO postgres;

--
-- Name: users_user_id_seq; Type: SEQUENCE OWNED BY; Schema: public; Owner: postgres
--

ALTER SEQUENCE public.users_user_id_seq OWNED BY public.users.user_id;


--
-- Name: manufactures manufacture_id; Type: DEFAULT; Schema: public; Owner: postgres
--

ALTER TABLE ONLY public.manufactures ALTER COLUMN manufacture_id SET DEFAULT nextval('public.manufactures_manufacture_id_seq'::regclass);


--
-- Name: order_details detail_id; Type: DEFAULT; Schema: public; Owner: postgres
--

ALTER TABLE ONLY public.order_details ALTER COLUMN detail_id SET DEFAULT nextval('public.order_details_detail_id_seq'::regclass);


--
-- Name: orders order_id; Type: DEFAULT; Schema: public; Owner: postgres
--

ALTER TABLE ONLY public.orders ALTER COLUMN order_id SET DEFAULT nextval('public.orders_order_id_seq'::regclass);


--
-- Name: pick_points point_id; Type: DEFAULT; Schema: public; Owner: postgres
--

ALTER TABLE ONLY public.pick_points ALTER COLUMN point_id SET DEFAULT nextval('public.pick_points_point_id_seq'::regclass);


--
-- Name: products product_id; Type: DEFAULT; Schema: public; Owner: postgres
--

ALTER TABLE ONLY public.products ALTER COLUMN product_id SET DEFAULT nextval('public.products_product_id_seq'::regclass);


--
-- Name: suppliers supplier_id; Type: DEFAULT; Schema: public; Owner: postgres
--

ALTER TABLE ONLY public.suppliers ALTER COLUMN supplier_id SET DEFAULT nextval('public.suppliers_supplier_id_seq'::regclass);


--
-- Name: users user_id; Type: DEFAULT; Schema: public; Owner: postgres
--

ALTER TABLE ONLY public.users ALTER COLUMN user_id SET DEFAULT nextval('public.users_user_id_seq'::regclass);


--
-- Data for Name: manufactures; Type: TABLE DATA; Schema: public; Owner: postgres
--

COPY public.manufactures (manufacture_id, name) FROM stdin;
1	Kari
2	Marco Tozzi
3	Рос
4	Rieker
5	Alessio Nesca
6	CROSBY
\.


--
-- Data for Name: order_details; Type: TABLE DATA; Schema: public; Owner: postgres
--

COPY public.order_details (detail_id, qty, product_id, order_id) FROM stdin;
1	2	А112Т4	1
2	2	F635R4	1
3	1	H782T5	2
4	1	G783F5	2
5	10	J384T6	3
6	10	D572U8	3
7	5	F572H7	4
8	4	D329H3	4
9	2	А112Т4	5
10	2	F635R4	5
11	1	H782T5	6
12	1	G783F5	6
13	10	J384T6	7
14	10	D572U8	7
15	5	F572H7	8
16	4	D329H3	8
17	5	B320R5	9
18	1	G432E4	9
19	5	S213E3	10
20	5	E482R4	10
\.


--
-- Data for Name: orders; Type: TABLE DATA; Schema: public; Owner: postgres
--

COPY public.orders (order_id, real_sum, order_date, supply_date, code, status, user_id, point_id) FROM stdin;
1	\N	2025-02-27	2025-04-20	901	Завершен	4	1
2	\N	2022-09-28	2025-04-21	902	Завершен	1	11
3	\N	2025-03-21	2025-04-22	903	Завершен	2	2
4	\N	2025-02-20	2025-04-23	904	Завершен	3	11
5	\N	2025-03-17	2025-04-24	905	Завершен	4	2
6	\N	2025-03-01	2025-04-25	906	Завершен	1	15
7	\N	2025-02-28	2025-04-26	907	Завершен	2	3
8	\N	2025-03-31	2025-04-27	908	Новый	3	19
9	\N	2025-04-02	2025-04-28	909	Новый	4	5
10	\N	2025-04-03	2025-04-29	910	Новый	4	19
\.


--
-- Data for Name: pick_points; Type: TABLE DATA; Schema: public; Owner: postgres
--

COPY public.pick_points (point_id, town, street, number, article) FROM stdin;
1	 г. Лесной	 ул. Вишневая	32	420151
2	 г. Лесной	 ул. Подгорная	8	125061
3	 г. Лесной	 ул. Шоссейная	24	630370
4	 г. Лесной	 ул. Зеленая	32	400562
5	 г. Лесной	 ул. Маяковского	47	614510
6	 г. Лесной	 ул. Светлая	46	410542
7	 г. Лесной	 ул. Цветочная	8	620839
8	 г. Лесной	 ул. Коммунистическая	1	443890
9	 г. Лесной	 ул. Спортивная	46	603379
10	 г. Лесной	 ул. Гоголя	41	603721
11	 г. Лесной	 ул. Северная	13	410172
12	 г. Лесной	 ул. Молодежная	50	614611
13	 г.Лесной	 ул. Новая	19	454311
14	 г.Лесной	 ул. Октябрьская	19	660007
15	 г. Лесной	 ул. Садовая	4	603036
16	 г.Лесной	 ул. Фрунзе	43	394060
17	 г. Лесной	 ул. Школьная	50	410661
18	 г. Лесной	 ул. Коммунистическая	20	625590
19	 г. Лесной	 ул. 8 Марта	\N	625683
20	 г.Лесной	 ул. Комсомольская	26	450983
21	 г. Лесной	 ул. Чехова	3	394782
22	 г. Лесной	 ул. Дзержинского	28	603002
23	 г. Лесной	 ул. Набережная	30	450558
24	 г. Лесной	 ул. Чехова	1	344288
25	 г.Лесной	  ул. Степная	30	614164
26	 г. Лесной	 ул. Коммунистическая	43	394242
27	 г. Лесной	 ул. Солнечная	25	660540
28	 г. Лесной	 ул. Шоссейная	40	125837
29	 г. Лесной	 ул. Партизанская	49	125703
30	 г. Лесной	 ул. Победы	46	625283
31	 г. Лесной	 ул. Полевая	35	614753
32	 г. Лесной	 ул. Маяковского	44	426030
33	 г. Лесной	 ул. Клубная	44	450375
34	 г. Лесной	 ул. Некрасова	12	625560
35	 г. Лесной	 ул. Комсомольская	17	630201
36	 г. Лесной	 ул. Мичурина	26	190949
\.


--
-- Data for Name: products; Type: TABLE DATA; Schema: public; Owner: postgres
--

COPY public.products (product_id, name, yardstick, cost, category, sale, qty, description, photo, supplier_id, manufacture_id) FROM stdin;
А112Т4	Ботинки	шт.	4990.00	Женская обувь	3.00	6	Женские Ботинки демисезонные kari	1.jpg	1	1
F635R4	Ботинки	шт.	3244.00	Женская обувь	2.00	13	Ботинки Marco Tozzi женские демисезонные, размер 39, цвет бежевый	2.jpg	2	2
H782T5	Туфли	шт.	4499.00	Мужская обувь	4.00	5	Туфли kari мужские классика MYZ21AW-450A, размер 43, цвет: черный	3.jpg	1	1
G783F5	Ботинки	шт.	5900.00	Мужская обувь	2.00	8	Мужские ботинки Рос-Обувь кожаные с натуральным мехом	4.jpg	1	3
J384T6	Ботинки	шт.	3800.00	Мужская обувь	2.00	16	B3430/14 Полуботинки мужские Rieker	5.jpg	2	4
D572U8	Кроссовки	шт.	4100.00	Мужская обувь	3.00	6	129615-4 Кроссовки мужские	6.jpg	2	3
F572H7	Туфли	шт.	2700.00	Женская обувь	2.00	14	Туфли Marco Tozzi женские летние, размер 39, цвет черный	7.jpg	1	2
D329H3	Полуботинки	шт.	1890.00	Женская обувь	4.00	4	Полуботинки Alessio Nesca женские 3-30797-47, размер 37, цвет: бордовый	8.jpg	2	5
B320R5	Туфли	шт.	4300.00	Женская обувь	2.00	6	Туфли Rieker женские демисезонные, размер 41, цвет коричневый	9.jpg	1	4
G432E4	Туфли	шт.	2800.00	Женская обувь	3.00	15	Туфли kari женские TR-YR-413017, размер 37, цвет: черный	10.jpg	1	1
S213E3	Полуботинки	шт.	2156.00	Мужская обувь	3.00	6	407700/01-01 Полуботинки мужские CROSBY	\N	2	6
E482R4	Полуботинки	шт.	1800.00	Женская обувь	2.00	14	Полуботинки kari женские MYZ20S-149, размер 41, цвет: черный	\N	1	1
S634B5	Кеды	шт.	5500.00	Мужская обувь	3.00	0	Кеды Caprice мужские демисезонные, размер 42, цвет черный	\N	2	6
K345R4	Полуботинки	шт.	2100.00	Мужская обувь	2.00	3	407700/01-02 Полуботинки мужские CROSBY	\N	2	6
O754F4	Туфли	шт.	5400.00	Женская обувь	4.00	18	Туфли женские демисезонные Rieker артикул 55073-68/37	\N	2	4
G531F4	Ботинки	шт.	6600.00	Женская обувь	12.00	9	Ботинки женские зимние ROMER арт. 893167-01 Черный	\N	1	1
J542F5	Тапочки	шт.	500.00	Мужская обувь	13.00	0	Тапочки мужские Арт.70701-55-67син р.41	\N	1	1
B431R5	Ботинки	шт.	2700.00	Мужская обувь	2.00	5	Мужские кожаные ботинки/мужские ботинки	\N	2	4
P764G4	Туфли	шт.	6800.00	Женская обувь	15.00	15	Туфли женские, ARGO, размер 38	\N	1	6
C436G5	Ботинки	шт.	10200.00	Женская обувь	15.00	9	Ботинки женские, ARGO, размер 40	\N	1	5
F427R5	Ботинки	шт.	11800.00	Женская обувь	15.00	11	Ботинки на молнии с декоративной пряжкой FRAU	\N	2	4
N457T5	Полуботинки	шт.	4600.00	Женская обувь	3.00	13	Полуботинки Ботинки черные зимние, мех	\N	1	6
D364R4	Туфли	шт.	12400.00	Женская обувь	16.00	5	Туфли Luiza Belly женские Kate-lazo черные из натуральной замши	\N	1	1
S326R5	Тапочки	шт.	9900.00	Мужская обувь	17.00	15	Мужские кожаные тапочки Профиль С.Дали 	\N	2	6
L754R4	Полуботинки	шт.	1700.00	Женская обувь	2.00	7	Полуботинки kari женские WB2020SS-26, размер 38, цвет: черный	\N	1	1
M542T5	Кроссовки	шт.	2800.00	Мужская обувь	18.00	3	Кроссовки мужские TOFA	\N	2	4
D268G5	Туфли	шт.	4399.00	Женская обувь	3.00	12	Туфли Rieker женские демисезонные, размер 36, цвет коричневый	\N	2	4
T324F5	Сапоги	шт.	4699.00	Женская обувь	2.00	5	Сапоги замша Цвет: синий	\N	1	6
K358H6	Тапочки	шт.	599.00	Мужская обувь	20.00	2	Тапочки мужские син р.41	\N	1	4
H535R5	Ботинки	шт.	2300.00	Женская обувь	2.00	7	Женские Ботинки демисезонные	\N	2	4
\.


--
-- Data for Name: suppliers; Type: TABLE DATA; Schema: public; Owner: postgres
--

COPY public.suppliers (supplier_id, name) FROM stdin;
1	Kari
2	Обувь для вас
\.


--
-- Data for Name: users; Type: TABLE DATA; Schema: public; Owner: postgres
--

COPY public.users (user_id, first_name, last_name, middle_name, login, password, role) FROM stdin;
1	Весения	Никифорова	Николаевна	94d5ous@gmail.com	uzWC67	Администратор
2	Руслан	Сазонов	Германович	uth4iz@mail.com	2L6KZG	Администратор
3	Серафим	Одинцов	Артёмович	yzls62@outlook.com	JlFRCZ	Администратор
4	Михаил	Степанов	Артёмович	1diph5e@tutanota.com	8ntwUp	Менеджер
5	Петр	Ворсин	Евгеньевич	tjde7c@yahoo.com	YOyhfR	Менеджер
6	Елена	Старикова	Павловна	wpmrc3do@tutanota.com	RSbvHv	Менеджер
7	Анна	Михайлюк	Вячеславовна	5d4zbu@tutanota.com	rwVDh9	Авторизированный клиент
8	Елена	Ситдикова	Анатольевна	ptec8ym@yahoo.com	LdNyos	Авторизированный клиент
9	Петр	Ворсин	Евгеньевич	1qz4kw@mail.com	gynQMT	Авторизированный клиент
10	Елена	Старикова	Павловна	4np6se@mail.com	AtnDjr	Авторизированный клиент
\.


--
-- Name: manufactures_manufacture_id_seq; Type: SEQUENCE SET; Schema: public; Owner: postgres
--

SELECT pg_catalog.setval('public.manufactures_manufacture_id_seq', 1, false);


--
-- Name: order_details_detail_id_seq; Type: SEQUENCE SET; Schema: public; Owner: postgres
--

SELECT pg_catalog.setval('public.order_details_detail_id_seq', 1, false);


--
-- Name: orders_code_seq; Type: SEQUENCE SET; Schema: public; Owner: postgres
--

SELECT pg_catalog.setval('public.orders_code_seq', 910, false);


--
-- Name: orders_order_id_seq; Type: SEQUENCE SET; Schema: public; Owner: postgres
--

SELECT pg_catalog.setval('public.orders_order_id_seq', 1, false);


--
-- Name: pick_points_point_id_seq; Type: SEQUENCE SET; Schema: public; Owner: postgres
--

SELECT pg_catalog.setval('public.pick_points_point_id_seq', 36, true);


--
-- Name: products_product_id_seq; Type: SEQUENCE SET; Schema: public; Owner: postgres
--

SELECT pg_catalog.setval('public.products_product_id_seq', 1, false);


--
-- Name: suppliers_supplier_id_seq; Type: SEQUENCE SET; Schema: public; Owner: postgres
--

SELECT pg_catalog.setval('public.suppliers_supplier_id_seq', 1, false);


--
-- Name: users_user_id_seq; Type: SEQUENCE SET; Schema: public; Owner: postgres
--

SELECT pg_catalog.setval('public.users_user_id_seq', 25, true);


--
-- Name: manufactures manufactures_name_key; Type: CONSTRAINT; Schema: public; Owner: postgres
--

ALTER TABLE ONLY public.manufactures
    ADD CONSTRAINT manufactures_name_key UNIQUE (name);


--
-- Name: manufactures manufactures_pkey; Type: CONSTRAINT; Schema: public; Owner: postgres
--

ALTER TABLE ONLY public.manufactures
    ADD CONSTRAINT manufactures_pkey PRIMARY KEY (manufacture_id);


--
-- Name: order_details order_details_pkey; Type: CONSTRAINT; Schema: public; Owner: postgres
--

ALTER TABLE ONLY public.order_details
    ADD CONSTRAINT order_details_pkey PRIMARY KEY (detail_id);


--
-- Name: orders orders_pkey; Type: CONSTRAINT; Schema: public; Owner: postgres
--

ALTER TABLE ONLY public.orders
    ADD CONSTRAINT orders_pkey PRIMARY KEY (order_id);


--
-- Name: pick_points pick_points_pkey; Type: CONSTRAINT; Schema: public; Owner: postgres
--

ALTER TABLE ONLY public.pick_points
    ADD CONSTRAINT pick_points_pkey PRIMARY KEY (point_id);


--
-- Name: products products_pkey; Type: CONSTRAINT; Schema: public; Owner: postgres
--

ALTER TABLE ONLY public.products
    ADD CONSTRAINT products_pkey PRIMARY KEY (product_id);


--
-- Name: suppliers suppliers_name_key; Type: CONSTRAINT; Schema: public; Owner: postgres
--

ALTER TABLE ONLY public.suppliers
    ADD CONSTRAINT suppliers_name_key UNIQUE (name);


--
-- Name: suppliers suppliers_pkey; Type: CONSTRAINT; Schema: public; Owner: postgres
--

ALTER TABLE ONLY public.suppliers
    ADD CONSTRAINT suppliers_pkey PRIMARY KEY (supplier_id);


--
-- Name: users users_login_key; Type: CONSTRAINT; Schema: public; Owner: postgres
--

ALTER TABLE ONLY public.users
    ADD CONSTRAINT users_login_key UNIQUE (login);


--
-- Name: users users_pkey; Type: CONSTRAINT; Schema: public; Owner: postgres
--

ALTER TABLE ONLY public.users
    ADD CONSTRAINT users_pkey PRIMARY KEY (user_id);


--
-- Name: order_details order_details_order_id_fkey; Type: FK CONSTRAINT; Schema: public; Owner: postgres
--

ALTER TABLE ONLY public.order_details
    ADD CONSTRAINT order_details_order_id_fkey FOREIGN KEY (order_id) REFERENCES public.orders(order_id);


--
-- Name: order_details order_details_product_id_fkey; Type: FK CONSTRAINT; Schema: public; Owner: postgres
--

ALTER TABLE ONLY public.order_details
    ADD CONSTRAINT order_details_product_id_fkey FOREIGN KEY (product_id) REFERENCES public.products(product_id);


--
-- Name: orders orders_point_id_fkey; Type: FK CONSTRAINT; Schema: public; Owner: postgres
--

ALTER TABLE ONLY public.orders
    ADD CONSTRAINT orders_point_id_fkey FOREIGN KEY (point_id) REFERENCES public.pick_points(point_id);


--
-- Name: orders orders_user_id_fkey; Type: FK CONSTRAINT; Schema: public; Owner: postgres
--

ALTER TABLE ONLY public.orders
    ADD CONSTRAINT orders_user_id_fkey FOREIGN KEY (user_id) REFERENCES public.users(user_id);


--
-- Name: products products_manufacture_id_fkey; Type: FK CONSTRAINT; Schema: public; Owner: postgres
--

ALTER TABLE ONLY public.products
    ADD CONSTRAINT products_manufacture_id_fkey FOREIGN KEY (manufacture_id) REFERENCES public.manufactures(manufacture_id);


--
-- Name: products products_supplier_id_fkey; Type: FK CONSTRAINT; Schema: public; Owner: postgres
--

ALTER TABLE ONLY public.products
    ADD CONSTRAINT products_supplier_id_fkey FOREIGN KEY (supplier_id) REFERENCES public.suppliers(supplier_id);


--
-- PostgreSQL database dump complete
--

